{
//获取大分类
"分类url": "",//第一页与其他页不一样的(一般是第一页没有页码)，直接用英文中括号加在分类url末尾，此处是否填写地区、剧情、年份、排序{area}、{class}、{year}、{by}，决定是否开启相应筛选。不支持语言和字母{lang}、{letter}的筛选，最好不填写这个
"分类": "",//用$ #分隔

//获取分类展示数据
"二次截取": "",
"数组": "",
"图片": "",
"标题": "",
"副标题": "",
"链接": "",
"链接前缀": "",
"链接后缀": "",

//获取线路标题
"线路二次截取": "",
"线路数组": "",//可按线路名排序，在引号内末尾添加，如[排序:自建蓝光>腾腾>优优]
"线路标题": "",

//获取其他线路链接(用于播放列表不在详情页的情况，一般用不着)
"多线二次截取": "",
"多线数组": "",
"多线链接": "",
"多线链接前缀": "",
"多线链接后缀": "",

//获取详情
"影片类型":"",
"影片年代":"",
"影片地区":"",
"影片状态":"",
"导演": "",
"主演": "",
"简介": "",

//获取播放列表
"播放二次截取": "",
"播放数组": "",
"列表二次截取": "",
"播放列表": "",
"播放标题": "",
"播放链接": "",
"播放链接前缀": "",
"播放链接后缀": "",

//获取搜索数据
"搜索url": "",//可包含页码，会把搜索到的全部内容展示出来，jar能自动正确获取大部分网站搜索url，一般不用填写
"搜索模式": "",//默认json与截取混合使用
"搜索二次截取": "",
"搜索数组": "",
"搜索图片": "",
"搜索标题": "",
"搜索链接": "",
"搜索链接前缀": "",
"搜索链接后缀": "",

//获取筛选
"类型": "",//对应{cteId}，用$ #分隔
"类型值":"",

"剧情": "",//对应{class}，用$ #分隔，海阔模式时以&分隔，内置通用模板，可使用[替换:惊悚>>空]的方式修改内置
"剧情值":"",

"地区": "",//对应{area}，用$ #分隔，海阔模式时以&分隔，内置通用模板，可使用[替换:大陆>>中国大陆]的方式修改内置
"地区值":"",

/"年份": "",//对应{year}，默认筛选截止目前最近15年，格式：起始年-终止年，也可使用海阔模式，以&分隔
"年份值":"",

"排序": "",//对应{by}，默认英文模式，时间$time#热门$hits，以$ #分隔

"筛选": ""
/**
*"筛选"不填写时，会根据"分类url"格式自动使用相应筛选

*可在"筛选"字段填外部json地址，支持本地clan和外网http
*可直接复制包含大括号{}的json数据到"筛选"字段，大括号前后不能有引号
*/
}