{
//xbpq在不断更新，参数项难以找全，以下仅为常用的参数，非全参数，各参数注释为小可乐个人见解，仅供参考。
//……全局块参数，自己设置
"作者": "xxx/2401/第一版",//随便写，无效参数
"站名": "xbpq模板",//随便写，无效参数
"编码": "UTF-8",//网页编码格式，根据网页源码所显示的格式填，根据需要可填UTF-8，GBK，GB2312
"请求头": "MOBILE_UA",//不填默认为PC_UA，可填MOBILE_UA，手机，PC_UA，请求头用$赋值，多个请求头用#连接，可以加Referer和Cookie，如:"User-Agent$手机#Referer$https://m.duanju5.com#Cookie$ser=ok"，也可以自定义请求头，部分网站要验证请求头，不会写请求头的可以用海阔查看源码，直接复制源码中的请求头。
"图片代理": "0",//1开0关，默认为0，特殊网站用来加载图片，可在常用开关用t代替
"登录": "",//需要登录的站源，填写：登录地址、账号、密码信息，如:"登录":"网址;post;用户名&密码"，用户名和密码具体格式参考源码
"验证": "①#②#③",//配合ocr服务器自动验证，可以暂时不管
"点击": "",//需要点击才能筛选或播放的，可填写需要点击的网页链接，仅适用于只需点击一次的网站


//……分类块参数，首页找参数
"主页url": "http://xxxxxxxx",//推荐页地址，不一定要写网址主页，不写默认会从分类url中自动提取。
"首页": "60",//0关闭首页推荐，非0数字代表推荐视频个数，可以在非0数字前加上分类名按类型推荐视频个数：如："首页": "电影$30"
"起始页": "1",//视频列表加载从第几页开始，可以是0，不能是负数或小数。不写默认第一页开始
"分类url": "/index.php/vod/show/area/{area}/by/{by}/class/{class}/id/{cateId}/page/{catePg}/year/{year}.html;;mrc",//分类链接地址，可从分类页或筛选页找参数，分类和页码分别用{cateId}和{catePg}替换，其余地区，排序，类型，年份，语言，字母分别用{area},{by},{class},{year},{lang},{letter}替换。;;mrc等是常用开关，相当于某些参数的简写，可跟多个。
//静态指定分类
"分类": "电影&剧集&综艺&动漫", //分类名称，可自定义，可以在分类名称后直接写分类值，用$赋值，此时两个分类名之间用#连接，如电影$1#剧集$2。分类只有一个选项时要用$赋值。
"分类值": "1&2&3&4", //分类名称替换值，跟网站值一致，要保证分类url分类结构完整。
//动态截取分类，用分类数组的方式动态截取获取分类，分类数组在主页url地址源码找，静态指定分类和动态截取分类只能二选一。
"分类二次截取": "mod_category_item&&</ul>",//包含所有分类数组的范围，不写默认整个网页
"分类数组": "<a&&/a>",//分类二次截取范围内包含单个分类标题和分类ID的范围
"分类标题": ">&&<",//截取分类名称
"分类ID": "categories/&&/",//截取分类值


//……数组块参数，各分类页或筛选页找参数，取决于分类url。一般各分类页或筛选页参数相同，不同的单独分类截取。
"二次截取": "",//划定个截取范围，不写或参数为空时范围默认整个网页，可以对二次截取到的部分信息进行替换操作
"数组": "lazyload&&</a>",//在二次截取范围内包含一个片单的完整信息的范围，至少包含标题，图片，链接。数组和二次截取及标题，图片，副标题，链接都可以分类指定截取，未注明的默认用第一个组参数。如:"默认--a&&b||首页--c&&d||搜索--e&&f"，数组也可以用json方式，也可以截取方式和json方式混用。如:"二次截取": "a&&b","数组": "data","标题": "vod_name","图片": "vod_pic","副标题": "vod_remarks","链接": "vod_id","链接前缀": "https://xxxxx.xxx/voddetail/","链接后缀": ".html",
"图片": "data-original=\"&&\"",//片单图片，图片要跳转后获取的，此处填截取跳转图片的链接，一般不建议这么写，站点加载会变明显变慢。如: "图片":"href=\"&&\"",
"标题": "title=\"&&\"",//片单标题
"副标题": "module-item-note\">&&</div>",//对片单的简洁描述，可以自定义。
"链接": "href=\"&&\"",//可通过截取拼接选择写详情页还是播放页或其他页。
"链接前缀": "",
"链接后缀": "",
"跳转图片": "data-original=\"&&\"",//跳转后页面内图片地址


//……详情块参数，详情信息都在链接地址页内找参数
"影片年代": "年份：&&</a>",//部分壳子最多只支持四位数字
"影片地区": "地区：&&</div>",
"影片类型": "类型：&&</div>",
"状态": "更新：&&</div>",//影片更新信息
"导演": "导演：&&</div>",
"主演": "主演：&&</div>",
"简介": "简介：&&</p>",


//……线路播放显示块参数，有无多线链接或跳转链接，线路始终在链接地址页内找参数。如果有多线链接或跳转链接，播放在多线链接或跳转链接页内找参数，没有则在链接地址页内找参数。
"线路二次截取": "",//作用同二次截取
"线路数组": "",//线路二次截取范围内包含一个线路名称的范围
"线路标题": "",//线路名称
"线路合并": "0",//1开0关，默认0，合并会把所有线路的播放列表置于一个播放列表中
//多线：详情页不包含所有线路或无线路，但能够在详情页获取到或拼接出其他列表的页面链接时，在详情页获取详情和部分列表后，到其他页面追加其他列表；多线理论上与跳转链接的区别是，多线在详情页获取详情并包含详情页列表，跳转链接只在跳转后获取详情和列表。
"多线二次截取": "",//作用同二次截取。
"多线数组": "",//多线二次截取范围内包含一个其他页面链接的范围
"多线链接": "",//多线数组范围内，其他播放页面链接的地址
"多线链接前缀": "",
"多线链接后缀": "",
"播放二次截取": "",//作用同二次截取，复杂站可通过替换方式构造播放数组
"播放数组": "module-play-list-content&&</div>",//播放二次截取范围内包含一条线路内所有视频集数信息的范围，复杂站可通过替换方式构造播放列表，播放标题，播放链接。线路显示与线路数组和播放数组相关，更多取决于播放数组，有截取到多少个播放数组就有多少条线路。
"列表二次截取": "",//播放数组范围内包含单个视频集数信息的范围，不写默认范围为播放数组范围
"播放列表": "<a&&/a>",//列表二次截取范围内包含单个视频集数信息的范围，需包含标题和链接
"播放标题": ">&&<",//集数名称，截取的信息在播放列表范围内
"播放链接": "href=\"&&\"",//集数链接地址，截取的信息在播放列表范围内。有时源码是双引号，播放链接写href=\"&&\"时，播放链接会获取错误，改成"播放链接": "href='&&'", 别细问，经验。
"倒序": "0",//选集是否反转顺序，1开0关，默认为0，可在常用开关用d代替
"播放链接前缀": "",//截取范围不局限于播放二次截取范围
"播放链接后缀": "",
"解析": "默认$解析#线路1$解析1#线路2$解析2",//播放链接要加不同解析的在这里写解析，不同线路解析之间用#连接，未指定线路的解析都用默认。


//……播放设置参数，播放页内找参数。
"直接播放": "0",//1开0关，默认为0，可在常用开关用z代替，可配合嗅探词使用，直接播放参数为1情况下线路和播放参数不起作用，会拿链接地址直接嗅探播放。常用于短视频和理论，也可以按分类直接播放，如"首页#动漫"，表示首页和动漫两个分类直接播放
"短视频": "0",//1开0关，默认为0，在直接播放基础上，拉取整页短视频到播放列表，也可以按分类指定，比如"短视频":"直播"，可在常用开关用D代替
"播放请求头": "MOBILE_UA",//部分视频要加播放请求头，可以自定义
"免嗅": "1",//1开0关，默认为0，不解析不嗅探，直接播放链接，可在常用开关用m代替;直接播放失败会从播放失败链接处自动去嗅探
"嗅探词": ".m3u8#.mp4#.flv", //嗅探词辅助嗅探，一般写视频链接格式类型，或视频链接播放网址，不会填不要乱写，免得起反作用，默认用壳规则。
"过滤词": "",//嗅探时遇到这些词略过，可以用来过滤广告链接，默认用壳规则。
"跳转播放数组": "",//播放链接地址源码内包含跳转播放链地址的范围，播放页找参数，
"跳转播放链接": "urlDecode(Base64(var player_*url\":\"&&\"))",//跳转播放数组范围内跳转播放链接的地址，不同站点跳转不一定相同，播放页找参数，复杂跳转播放链接最多支持5层。
"跳转解析":"默认$解析#线路1$解析1#线路2$解析2",//跳转播放链接要加不同解析的在这里写解析，不同线路解析之间用#连接，未指定线路的解析都用默认。
//跳转播放链接复杂的最多支持五层，二次跳转播放链接，三次跳转播放链接，四次跳转播放链接，五次跳转播放链接，按照跳转播放链接形式，可以加对应的数组，链接，解析。


//……搜索块参数，搜索页找参数
"搜索请求头": "User-Agent$MOBILE_UA",//部分站点搜索要加搜索请求头，可以自定义
"搜索url": "/index.php/ajax/suggest?mid=1&wd={wd}&page={pg}&limit=30",//站点搜索链接地址，搜索词和页码分别用{wd}和{pg}替换,post写法，"搜索url": "/index.php/vod/search.php;post;wd={wd}&page={pg}",  配置的搜索url中包含页码{pg}时，在搜索时可在关键词后附加页码范围（pg或PG加两位以上数值，），两位数时，只指定起始页，展示最多10页，3位数以上时，前两位数指定起始页，后面的数指定展示多少页，比如搜索时输入"我的pg10"，表示搜索标题包含"我的"影片，展示搜到的第10至第20页，输入"我的pg105"，表示搜索标题包含"我的"影片，展示搜到的第10至第15页，不附加页码范围默认从第一页开始，最多展示10页搜索内容
"搜索模式": "1",//0是json，1是网页截取
"搜索后缀": "/detail/",//辅助搜索，id与域名之间那段，填了搜索后缀，自动使用搜索模式0，json模式。如:http://xxxx.xxx/detail/987635，搜索后缀/detail/
//有搜索url，搜索数组参数为空或不写时，会把搜索url认作分类url，从数组块搜索；有搜索url，有搜索数组时，会从搜索块搜索。可以不写搜索数组，在数组参数里用分类指定截取写搜索，此时会把搜索url认作分类url，搜索认作一个分类，从数组块搜索。如: "数组": "默认--a&&b||搜索--c&&d"。有多线链接或跳转链接，搜索无法跳转情况下可以这么写。
"搜索二次截取": "",//作用同二次截取
"搜索数组": "lazyload&&</a>",//在搜索二次截取范围内包含一个搜索片单的完整信息的范围，至少包含搜索标题，搜索图片，搜索链接。一些站可以用不包含屏蔽搜索到某类影片。如:"搜索数组": "lazyload&&</a>[不包含:伦理]",需根据网站搜索源码结构处理
"搜索标题": "title=\"&&\"",//搜索片单标题
"搜索图片": "data-original=\"&&\"",//搜索片单图片，搜索图片要跳转后获取的，此处填截取跳转搜索图片的链接，针对部分搜索无图情况。如: "搜索图片":"href=\"&&\"",
"搜索副标题": "module-item-note\">&&</div>",//对片单的简洁描述。
"搜索链接": "href=\"&&\"",//搜索片单链接
"搜索链接前缀": "",
"搜索链接后缀": "",
"跳转搜索图片": "data-original=\"&&\"",//跳转后页面内图片地址


//……筛选块参数，每个筛选页找参数
"筛选": "1",   //1，使用分项自定义，0，关闭筛选，不填默认为1，调用内置模板筛选，也可以填筛选文件链接地址，或直接筛选标准json写法。筛选标准json写法可以自定义各筛选类参数变量，但必须和分类url中筛选变量对应。以下筛选是海阔写法。
"类型": "a子类1$a1#a子类2$a2||b子类$b1#b子类2$b2||c子类$c1#c子类2$c2||d子类$d1#d子类2$d2",//对应{cateId},不同子类型名称用&连接(存在问题，跨大类会赋值错误)，建议在每个子类名称后用$赋值，子类之间用#连接，大类之间用||分隔方式填写参数格式，这样写不会出错。单个大类的子类数量只有一个时筛选不会显示{存在问题之一}，可复制一次补齐两个。
"类型值": "",
"剧情": "",//以下均可用海阔写法，名称和值分开写，对应{class}。
"剧情值": "*",//代表一样
"地区": "",//对应{area}
"地区值": "*",
"年份": "2010-2024",//对应{year}，可直接写起始年份-终止年份，表示起始至终止的所有年份
"年份值": "*",
"语言": "",//对应{lang}
"语言值": "*",
"字母": "",//对应{letter}
"字母值": "*",
"排序": "",//对应{by}
"排序值": "*"
/*
附：简化常用开关
在分类url或搜索url末尾可附加常用开关，;;mzdd0DtjaArWRegf!kxss0vcCy点击，多个开关只需最前面加;;所有关只需在字母后加0，如：m0d0免嗅关,倒序关
m-免嗅（开）
z-直接播放（开）
d-倒序（开），默认自动
D-短视频（开）（在直接播放的基础上，把整页内容放入同一个播放列表，类似刷短视频）
t-图片代理（开）
j-强制解析（开）
a-请求头（安卓），默认PC_UA
w-请求头（Windows）
i-请求头（IPhone OS）
r-请求头自动Referer（开）
c0-请求头自动Cookie（关），默认给网页传递自动Cookie
A-播放请求头（安卓）
W-播放请求头（Windows）
I-播放请求头（IPhone OS）
R-播放请求头自动Referer（开）
C-播放请求头自动Cookie（开）
e-跳转播放链接（默认截取播放页json中的url），可以多次跳转截取url，比如e5，代表跳转5次截取url，可无限次跳转截取url，复杂的手动填写字段，复杂的暂时只支持五次以内跳转，json模式、&&截取模式都可以
g-编码（GBK）
u-网址编码(默认开启):如空格编码为%20，&编码为%16
g00-搜索词编码（GBK）
g01-搜索词编码（GB18030）
g02-搜索词编码（GB2312）
!-英文感叹号，屏蔽伦理、福利分类
f-副标题扩大查找范围（开），没有副标题时试试
k-关闭搜索防过滤（搜索防过滤，是指搜索结果的影片标题如果不包含搜索词，默认在标题后附加〔搜索词〕以防过滤）
x-jar嗅探规则（开），有时候壳会过滤掉视频链接，不能嗅探播放的可以试试
s-分类热搜模式（开），有的网站有热搜词，此时可把搜索url改成分类url，配合此开关获取热搜分类
v-直链标记（开），把播放链接当成Video直接播放，不再嗅探或解析
y-验证码弹窗验证（开）
Y-Webview弹窗验证（开）
点击-弹窗点击播放（开）
*/
}