{
 
"作者": "小可乐/240701/第一版",
  
"站名": "XBPQ模板",
    
"请求头": "User-Agent$MOBILE_UA",

"编码": "UTF-8",

"图片代理": "0",

"直接播放": "0",

"播放请求头": "",

"嗅探词": ".mp4#.m3u8#.flv",

"过滤词": "",


"主页url": "http://www.xxxxxx.com",

"首页": "120",

"起始页": "1",

"分类url": "/index.php/vod/show/{cateId}-{area}-{by}-{class}-{lang}-{letter}---{catePg}---{year}.html;;mrc",

// "分类url": "/index.php/vod/show/area/{area}/by/{by}/class/{class}/id/{cateId}/lang/{lang}/letter/{letter}/page/{catePg}/year/{year}.html;;mrc",

// "分类二次截取": "mod_category_item&&</ul>",

// "分类数组": "<a&&/a>",

// "分类标题": ">&&<",

// "分类ID": "categories/&&/",

"分类": "电影&剧集&综艺&动漫",

"分类值": "1&2&3&4",


"二次截取": "",

"数组": "lazyload\"&&</a>",

"标题": "title=\"&&\"",

"图片": "data-original=\"&&\"",

"副标题": "text-right\">&&</span>",

"链接": "href=\"&&\"",


"影片年代": "年份：&&</a>",

"影片地区": "地区：&&</li>",

"影片类型": "类型：&&</li>",

"状态": "状态：&&</li>",

"导演": "导演：&&</li>",

"主演": "主演：&&</li>",

"简介": "👶+简介：&&</p>",


"线路二次截取": "",

"线路数组": "module-tab-item tab-item&&/small>",

"线路标题": "👶+>&&</span>+【共+<small>&&<+集】",

"播放二次截取": "",

"播放数组": "module-play-list\">&&</div>",

"倒序": "0",

"播放列表": "<a&&/a>",

"播放标题": ">&&<",

"播放链接": "href=\"&&\"",

"解析": "",

"跳转播放链接": "urlDecode(var player_*url\":\"&&\")",

"跳转解析": "",


"搜索请求头": "User-Agent$MOBILE_UA",

"搜索url": "/index.php/ajax/suggest?mid=1&wd={wd}&page={pg}&limit=30;post;searchword={wd}&searchtype=",

"搜索模式": "1",

"搜索后缀": "",

"搜索二次截取": "",

"搜索数组": "lazyload\"&&</a>",

"搜索标题": "title=\"&&\"",

"搜索图片": "data-original=\"&&\"",

"搜索副标题": "text-right\">&&</span>",

"搜索链接": "href=\"&&\"",


"筛选": "1",

"类型": "",

"剧情": "",

"剧情值": "*",

"地区": "",

"地区值": "*",

"年份": "",

"年份值": "*",

"语言": "",

"语言值": "*",

"字母": "A&B&C&D&E&F&G&H&I&J&K&L&M&N&O&P&Q&R&S&T&U&V&W&X&Y&Z&0-9",

"字母值": "*",

"排序": "时间&人气&评分",

"排序值": "time&hits&score"

}